Workbook

Sheet lab_safety_scores
A1: existential_safety | B1: grade | C1: lab | D1: risk_mgmt_pct
A2: D | B2: C+ | C2: Anthropic | D2: 0.35
A3: D | B3: C | C3: OpenAI | D3: 0.33
A4: D | B4: C- | C4: DeepMind | D4: 0.2
A5: D | B5: D+ | C5: Meta | D5: 0.22
A6: D | B6: D | C6: xAI | D6: 0.18

Sheet prisoners_dilemma
A1: description | B1: humanity_payoff | C1: lab_a_payoff | D1: lab_b_payoff | E1: strategy
A2: Mutual cooperation | B2: 5 | C2: 3 | D2: 3 | E2: Safe_Safe
A3: A loses market | B3: 1 | C3: 0 | D3: 5 | E3: Safe_Fast
A4: B loses market | B4: 1 | C4: 5 | D4: 0 | E4: Fast_Safe
A5: Race to bottom | B5: 0 | C5: 1 | D5: 1 | E5: Fast_Fast

Sheet trajectory_probabilities
A1: expected_utility | B1: p_scenario | C1: scenario | D1: weighted_ev
A2: 44 | B2: 0.35 | C2: Unaligned_ASI_First | D2: =B2 * A2 -> 0
A3: 62.5 | B3: 0.25 | C3: Aligned_Constraint_Based | D3: =B3 * A3 -> 0
A4: 76.25 | B4: 0.12 | C4: ASImov_First | D4: =B4 * A4 -> 0
A5: 52.5 | B5: 0.18 | C5: Multiple_ASIs_No_Advocate | D5: =B5 * A5 -> 0
A6: 78.05 | B6: 0.1 | C6: No_ASI_Coordination_Holds | D6: =B6 * A6 -> 0

Sheet scenario_outcomes
A1: expected_utility | B1: p_coexistence | C1: p_extinction | D1: p_flourishing | E1: p_subjugation | F1: scenario | G1: utility_coexistence | H1: utility_extinction | I1: utility_flourishing | J1: utility_subjugation
A2: =C2 * H2 + E2 * J2 + B2 * G2 + D2 * I2 -> 0 | B2: 0.2 | C2: 0.3 | D2: 0.1 | E2: 0.4 | F2: Unaligned_ASI_First | G2: 75 | H2: 0 | I2: 100 | J2: 50
A3: =C3 * H3 + E3 * J3 + B3 * G3 + D3 * I3 -> 0 | B3: 0.4 | C3: 0.1 | D3: 0.25 | E3: 0.25 | F3: Aligned_Constraint_Based | G3: 75 | H3: 0 | I3: 100 | J3: 50
A4: =C4 * H4 + E4 * J4 + B4 * G4 + D4 * I4 -> 0 | B4: 0.45 | C4: 0.05 | D4: 0.4 | E4: 0.1 | F4: ASImov_First | G4: 75 | H4: 0 | I4: 100 | J4: 50
A5: =C5 * H5 + E5 * J5 + B5 * G5 + D5 * I5 -> 0 | B5: 0.3 | C5: 0.2 | D5: 0.15 | E5: 0.35 | F5: Multiple_ASIs_No_Advocate | G5: 75 | H5: 0 | I5: 100 | J5: 50
A6: =C6 * H6 + E6 * J6 + B6 * G6 + D6 * I6 -> 0 | B6: 0.5 | C6: 0.02 | D6: 0.43 | E6: 0.05 | F6: No_ASI_Coordination_Holds | G6: 75 | H6: 0 | I6: 100 | J6: 50

Sheet baseline_world
A1: expected_utility | B1: p_scenario | C1: scenario | D1: weighted_ev
A2: 44 | B2: 0.45 | C2: Unaligned_ASI_First | D2: =B2 * A2 -> 0
A3: 62.5 | B3: 0.25 | C3: Aligned_Constraint_Based | D3: =B3 * A3 -> 0
A4: 52.5 | B4: 0.2 | C4: Multiple_ASIs_No_Advocate | D4: =B4 * A4 -> 0
A5: 78.05 | B5: 0.1 | C5: Coordination_Holds | D5: =B5 * A5 -> 0

Sheet asimov_world
A1: expected_utility | B1: p_scenario | C1: scenario | D1: weighted_ev
A2: 44 | B2: 0.35 | C2: Unaligned_ASI_First | D2: =B2 * A2 -> 0
A3: 62.5 | B3: 0.25 | C3: Aligned_Constraint_Based | D3: =B3 * A3 -> 0
A4: 76.25 | B4: 0.12 | C4: ASImov_First | D4: =B4 * A4 -> 0
A5: 52.5 | B5: 0.18 | C5: Multiple_ASIs_No_Advocate | D5: =B5 * A5 -> 0
A6: 78.05 | B6: 0.1 | C6: Coordination_Holds | D6: =B6 * A6 -> 0

Sheet nash_analysis
A1: humanity_outcome | B1: metric | C1: result
A2: Race to bottom | B2: Dominant Strategy | C2: Fast (for both)
A3: Worst outcome | B3: Nash Equilibrium | C3: Fast_Fast
A4: Best but unstable | B4: Pareto Optimal | C4: Safe_Safe

Sheet Scalars
A1: Name | B1: Value
A2: asimov_summary.total_ev_with_asimov | B2: =SUM('asimov_world'!D2:D6) -> 0
A3: baseline_summary.total_ev_without_asimov | B3: =SUM('baseline_world'!D2:D5) -> 0
A4: marginal_impact.ev_improvement | B4: =B2 - B3 -> 0
A5: marginal_impact.ev_improvement_pct | B5: =(B2 - B3) / B3 -> 0
A6: overall_analysis.probability_check | B6: =SUM('trajectory_probabilities'!B2:B6) -> 0
A7: overall_analysis.total_expected_value | B7: =SUM('trajectory_probabilities'!D2:D6) -> 0
A8: scenario_summary.avg_expected_utility | B8: =AVERAGE('scenario_outcomes'!A2:A6) -> 0
A9: scenario_summary.max_expected_utility | B9: =MAX('scenario_outcomes'!A2:A6) -> 0
A10: scenario_summary.min_expected_utility | B10: =MIN('scenario_outcomes'!A2:A6) -> 0
A11: scenario_summary.total_probability_check | B11: =SUM('scenario_outcomes'!C2:C6) + SUM('scenario_outcomes'!E2:E6) + SUM('scenario_outcomes'!B2:B6) + SUM('scenario_outcomes'!D2:D6) -> 0
